idalumno,dni_alumno,email_alumno,celular_alumno,apellido_alumno,nombre_alumno,direccion_alumno,fecha_nac_alumno,fk_idtutor_alumno,fk_idgenero_alumno,createdAt,updatedAt,estado_alumno
1,5108753566558254,nshorte0@csmonitor.com,5223427416,Shorte,Nate,09 Prentice Crossing,2010-12-24,NULL,2,2022-08-25,,1
2,5108759784816945,tdureden1@examiner.com,7161999819,Dureden,Teresina,96 Bluejay Road,2010-01-04,NULL,2,2023-04-09,,1
3,5048372079062713,wrowen2@gmpg.org,1333574726,Rowen,Westley,85 1st Point,2010-10-16,NULL,1,2023-05-08,2023-10-02,1
4,5108751329343345,wcasoni3@scribd.com,1892643641,Casoni,Wandie,12087 Arrowood Court,2010-02-27,NULL,2,2022-10-31,2023-10-22,1
5,5108750080964273,dchaffer4@foxnews.com,1397776531,Chaffer,Derrik,762 Oak Valley Park,2008-04-27,NULL,1,2023-04-14,,1
6,5108758913643113,emckaile5@miibeian.gov.cn,6877153878,McKaile,Eva,52 Fuller Junction,2009-07-03,NULL,2,2023-06-28,,1
7,5108759877592189,mlocal6@imageshack.us,4206872080,Local,Mehetabel,98 Dahle Plaza,2010-03-11,NULL,2,2023-08-08,,1
8,5048377337331032,homand7@netvibes.com,8736251012,Omand,Hendrick,7 Arizona Drive,2009-12-16,NULL,3,2023-01-27,,1
9,5108753494205085,athraves8@imdb.com,8272726911,Thraves,Angel,836 Veith Place,2009-07-21,NULL,3,2023-05-23,,1
10,5048376014901893,flefley9@mysql.com,9381302007,Lefley,Finley,79408 Burrows Lane,2009-11-26,NULL,1,2023-06-23,,1
11,5048371395652116,hfreemantlea@baidu.com,1452529203,Freemantle,Hurleigh,0933 Packers Court,2008-08-09,NULL,2,2023-07-01,,1
12,5048370637798414,esandbachb@csmonitor.com,1336859761,Sandbach,Eric,2285 Basil Park,2010-02-25,NULL,3,2022-12-25,,1
13,5048373763904665,kjeppc@homestead.com,3989962276,Jepp,Kippie,36551 Grasskamp Trail,2010-12-07,NULL,2,2023-01-24,,1
14,5108751836827871,pclaraed@cbsnews.com,7856703092,Clarae,Packston,1040 Eastwood Point,2008-12-12,NULL,3,2023-01-04,,1
15,5108752495759223,ghaselupe@youku.com,8538034368,Haselup,Gray,014 Eastwood Plaza,2009-03-03,NULL,3,2023-08-07,,1
16,5108756939300841,eperfectf@twitpic.com,9595458713,Perfect,Easter,43 Florence Junction,2009-03-11,NULL,1,2022-08-22,,1
17,5108754026561946,dwildtg@gmpg.org,6048320004,Wildt,Dionysus,1 Rigney Crossing,2010-09-06,NULL,1,2022-09-30,,1
18,5048376940066795,mstrobanh@wordpress.org,8659364480,Stroban,Monique,3 Morningstar Alley,2008-06-04,NULL,3,2023-02-25,,1
19,5048376738522116,mpawseyi@last.fm,3944505750,Pawsey,Muire,4 Mendota Avenue,2010-02-16,NULL,2,2022-11-09,,1
20,5048372413575669,ikaasmannj@nature.com,8434045726,Kaasmann,Irvin,97440 Homewood Street,2009-07-26,NULL,3,2022-10-24,,1
21,5108756887930797,kedmondsonk@webs.com,7197218493,Edmondson,Kelcy,736 Darwin Road,2010-03-29,NULL,2,2023-07-15,,1
22,5048373378155216,dbuickl@a8.net,9383882654,Buick,Dionis,4220 Bay Crossing,2008-03-27,NULL,1,2023-07-22,,1
23,5108756040110113,hhonnicottm@godaddy.com,9948771617,Honnicott,Harrietta,2563 Bashford Pass,2010-07-24,NULL,2,2023-05-03,2023-11-23,1
24,5108750033368242,ascrigmourn@ebay.co.uk,8234533455,Scrigmour,Avictor,2 Knutson Alley,2009-07-09,NULL,2,2023-05-25,,1
25,5108751435558745,gmaplesdeno@ca.gov,1128155523,Maplesden,Gale,37500 Crest Line Drive,2009-08-24,NULL,2,2023-06-21,,1
26,5048373364984355,tchiecop@nationalgeographic.com,4389070402,Chieco,Thornton,96203 Judy Trail,2008-12-05,NULL,2,2022-09-27,2024-07-13,1
27,5048379589228999,ltinkhamq@edublogs.org,3369908157,Tinkham,Lani,75293 7th Point,2010-11-22,NULL,1,2023-03-05,,1
28,5048370440086452,kcrosdillr@hhs.gov,9192852180,Crosdill,Kristofor,95 Milwaukee Drive,2008-05-14,NULL,3,2023-04-04,,1
29,5108756744829497,aburgnes@oakley.com,7908059183,Burgne,Anastasie,82 Jay Lane,2009-06-11,NULL,3,2023-07-30,,1
30,5108753727265526,alydstert@yandex.ru,5445204770,Lydster,Ali,38755 Coleman Circle,2008-10-04,NULL,2,2023-04-28,2023-10-28,1
31,5108750285524997,pchesteru@comcast.net,8496080891,Chester,Perry,56439 Morningstar Street,2009-09-08,NULL,2,2023-07-07,,1
32,5048371638785996,drugerv@elpais.com,9651391609,Ruger,Darrelle,86 Duke Point,2009-02-18,NULL,2,2023-02-16,,1
33,5048376598087184,agallamorew@networkadvertising.org,2666285927,Gallamore,Almire,091 Harper Pass,2010-03-31,NULL,1,2022-12-17,2024-01-13,1
34,5108750759045701,aweepersx@123-reg.co.uk,4949162785,Weepers,Arvie,8696 Bobwhite Lane,2008-04-07,NULL,1,2023-06-22,,1
35,5048376342478606,ejosty@cafepress.com,9743434354,Jost,Elbertina,6 Twin Pines Center,2008-10-30,NULL,2,2023-07-24,2024-03-04,1
36,5048379423069930,kfransinelliz@msn.com,1019683994,Fransinelli,Kariotta,4993 Namekagon Street,2009-05-21,NULL,2,2022-09-22,2023-12-31,1
37,5108753063462562,mbills10@goo.ne.jp,5954130373,Bills,Minny,7883 Fisk Junction,2008-04-20,NULL,2,2022-12-26,,1
38,5048373721869489,srowena11@flickr.com,4221954441,Rowena,Suzie,785 Dakota Avenue,2009-10-31,NULL,1,2022-12-10,,1
39,5108759370136765,meivers12@nsw.gov.au,5818353582,Eivers,Melisent,4 Lillian Parkway,2009-03-02,NULL,2,2023-03-13,,1
40,5048370225524586,nthurley13@who.int,3639228647,Thurley,Nat,8981 Emmet Alley,2008-01-15,NULL,3,2023-06-01,2023-10-25,1
41,5108757614120199,qshone14@tumblr.com,4804725466,Shone,Quinn,6581 Harbort Point,2008-10-24,NULL,1,2023-08-03,,1
42,5048378987209650,dtevelov15@usgs.gov,6437593196,Tevelov,Dahlia,85049 Stephen Hill,2008-03-29,NULL,3,2023-06-10,2024-07-29,1
43,5108750211808241,tabrahamson16@yale.edu,2324955331,Abrahamson,Terri,84 Cody Avenue,2009-12-30,NULL,1,2023-01-05,,1
44,5048371122923285,bwychard17@noaa.gov,3269123038,Wychard,Benedikta,96 Talmadge Avenue,2009-05-14,NULL,1,2023-05-25,,1
45,5048372595415247,hstonebridge18@furl.net,6023407188,Stonebridge,Haleigh,2 Delladonna Center,2010-10-03,NULL,3,2022-10-02,2023-12-20,1
46,5048372257113361,fsheere19@yellowbook.com,3791851019,Sheere,Felicdad,05967 Waywood Lane,2009-04-10,NULL,3,2023-05-28,,1
47,5048376672311229,mallcott1a@va.gov,2486581153,Allcott,Merrilee,1 Ohio Court,2009-09-13,NULL,2,2022-09-10,,1
48,5048372572003404,mjelf1b@bloglovin.com,8364561680,Jelf,Marjy,79 Anzinger Road,2010-11-28,NULL,3,2022-09-05,2023-10-31,1
49,5108757605510101,lscaice1c@vkontakte.ru,7653215994,Scaice,Leshia,17 Amoth Road,2008-09-28,NULL,1,2022-10-26,,1
50,5108750666030333,rmalcher1d@ustream.tv,9342109227,Malcher,Robbert,45 Anniversary Trail,2009-03-15,NULL,1,2022-12-09,,1
51,5108753083127435,omaltman1e@icio.us,8936308558,Maltman,Omar,8778 Russell Avenue,2009-06-03,NULL,3,2023-03-23,,1
52,5048378633910487,lkeneford1f@t-online.de,9307384984,Keneford,Lula,6 Buell Avenue,2010-07-16,NULL,3,2023-07-06,2024-07-30,1
53,5108750777591165,xmcsperrin1g@cargocollective.com,5751148983,McSperrin,Xaviera,48 Maryland Avenue,2010-05-04,NULL,2,2023-01-10,,1
54,5048370356328369,tcool1h@bloomberg.com,3281096510,Cool,Trevar,1686 Transport Center,2009-12-26,NULL,3,2023-05-22,,1
55,5108754297845747,eglading1i@mayoclinic.com,2388265834,Glading,Elana,5 Jenna Terrace,2010-10-11,NULL,2,2023-02-12,,1
56,5108755409814968,cmabone1j@hubpages.com,2512921743,Mabone,Chelsie,5 Bunting Center,2010-07-31,NULL,1,2023-06-17,,1
57,5048375309660560,ebrandin1k@tinyurl.com,2231623805,Brandin,Erna,352 Chive Road,2010-06-18,NULL,2,2023-07-23,,1
58,5108754895905679,mmcfade1l@sphinn.com,2374847881,McFade,Maris,0570 Roxbury Way,2010-02-01,NULL,3,2023-07-26,,1
59,5108751137380984,cdetoc1m@wordpress.org,4219304203,Detoc,Cindee,152 Sutteridge Street,2009-09-25,NULL,2,2023-05-02,,1
60,5108755561320564,fhargey1n@people.com.cn,8514622198,Hargey,Freda,9985 Drewry Alley,2008-09-20,NULL,2,2023-03-21,,1
61,5108753168559411,wseivwright1o@ucoz.ru,1902611106,Seivwright,Wye,4 Dahle Court,2009-09-13,NULL,3,2023-01-14,,1
62,5108752739539175,ddoumic1p@sbwire.com,9217463134,Doumic,Doug,661 Hoard Place,2008-05-14,NULL,2,2022-12-25,,1
63,5048378609267748,elilian1q@seesaa.net,2726417790,Lilian,Ernesta,31441 Orin Circle,2010-07-17,NULL,1,2023-03-25,,1
64,5048378528362612,mgilkison1r@eepurl.com,8731923760,Gilkison,Mirella,08409 Moulton Point,2010-10-15,NULL,3,2023-01-14,,1
65,5108750733717433,hsickert1s@marketwatch.com,7711970253,Sickert,Hamid,7588 Dottie Pass,2009-01-19,NULL,1,2023-04-01,,1
66,5048378930198877,cgremane1t@google.ca,8679374497,Gremane,Cyril,2467 Spenser Circle,2009-04-09,NULL,2,2023-07-27,,1
67,5108752886767686,gscohier1u@slashdot.org,4948135847,Scohier,Gaelan,94 Mallard Junction,2010-07-17,NULL,2,2023-02-01,,1
68,5048378511556402,sbircher1v@adobe.com,7381239786,Bircher,Shurlocke,068 Quincy Plaza,2008-11-05,NULL,3,2023-01-06,2024-01-24,1
69,5048378415752859,ncornewell1w@uol.com.br,6471779763,Cornewell,Noam,097 Bayside Park,2008-01-07,NULL,3,2023-05-18,,1
70,5048376339496462,ptruswell1x@rakuten.co.jp,5392550584,Truswell,Polly,53710 Acker Lane,2008-04-05,NULL,2,2023-01-04,,1
71,5108758707979707,csaiz1y@amazon.co.uk,1476182306,Saiz,Chris,98592 Eagan Point,2009-04-06,NULL,3,2023-07-12,2024-01-03,1
72,5108751042750826,msebley1z@i2i.jp,8964841218,Sebley,Mariele,3 Beilfuss Pass,2008-01-15,NULL,3,2022-12-16,,1
73,5048375622770807,ohundley20@bravesites.com,4907362863,Hundley,Odille,8 Aberg Pass,2009-09-04,NULL,3,2022-10-31,,1
74,5048370288974991,zperrigo21@ucoz.com,4498897262,Perrigo,Zaneta,841 Dorton Crossing,2008-08-10,NULL,3,2023-06-12,,1
75,5048373867399077,jjanusik22@census.gov,8063782654,Janusik,Jared,496 Merrick Circle,2008-08-03,NULL,3,2023-08-04,2023-09-17,1
76,5108754907567590,mledur23@dmoz.org,2839853414,Ledur,Mar,7762 Nelson Hill,2009-10-06,NULL,1,2022-11-21,,1
77,5048372057697068,gcorry24@sun.com,5568654849,Corry,Griffy,6855 Village Green Parkway,2009-06-19,NULL,1,2022-12-03,2024-04-26,1
78,5048375996766977,ahaller25@furl.net,2117160906,Haller,Allen,8609 7th Point,2008-10-15,NULL,3,2023-05-15,,1
79,5048371455851418,mlabuschagne26@opera.com,1374388557,Labuschagne,Micki,0 Raven Center,2009-09-26,NULL,3,2023-07-13,,1
80,5108751002480935,arodgman27@google.fr,1104456596,Rodgman,Ashby,9901 Barnett Parkway,2009-03-11,NULL,2,2023-08-03,2024-08-03,1
81,5108756387062828,dcarress28@deliciousdays.com,4752757211,Carress,Dierdre,85830 Michigan Street,2008-06-02,NULL,1,2023-07-06,2023-11-14,1
82,5048375985100956,cdove29@last.fm,4513981166,Dove,Callean,44 Cordelia Circle,2010-08-07,NULL,2,2022-10-12,,1
83,5048379104721007,ccroal2a@prnewswire.com,3798035515,Croal,Clyde,55526 Stone Corner Park,2010-01-05,NULL,2,2022-12-09,,1
84,5048378313370770,dyarham2b@telegraph.co.uk,1947413762,Yarham,Derk,4847 Annamark Park,2010-09-09,NULL,2,2022-10-14,,1
85,5108753926770102,wswin2c@hostgator.com,3525633095,Swin,Wilmette,4 Golf Park,2009-11-12,NULL,2,2023-08-08,,1
86,5108758783615688,ldedomenico2d@google.cn,1244003131,De Domenico,Laurella,61645 Menomonie Trail,2008-01-10,NULL,2,2023-02-02,,1
87,5108755506070100,cbigby2e@wikipedia.org,4059237089,Bigby,Cordy,8 Kingsford Circle,2009-04-18,NULL,1,2022-12-21,,1
88,5048371640152938,asimmans2f@stanford.edu,8236901640,Simmans,Alfonso,9655 Mccormick Drive,2010-06-13,NULL,1,2023-02-13,2023-11-03,1
89,5108759290915728,nbell2g@google.co.jp,9746970327,Bell,Nananne,679 Hallows Trail,2008-10-12,NULL,3,2022-10-26,2023-11-20,1
90,5048373195244912,kdikels2h@biblegateway.com,4901187122,Dikels,Kristos,89 Bultman Plaza,2010-09-18,NULL,1,2023-08-05,,1
91,5048379586012016,mottewell2i@cbc.ca,9513662309,Ottewell,Maitilde,8200 Golden Leaf Terrace,2010-06-12,NULL,3,2023-01-30,,1
92,5108752118846449,navramovic2j@privacy.gov.au,1561791109,Avramovic,Nefen,204 Bluestem Junction,2008-05-21,NULL,1,2023-03-26,,1
93,5048373247144078,ehorburgh2k@yelp.com,4161708636,Horburgh,Ewan,7174 Pennsylvania Drive,2008-12-14,NULL,1,2023-08-07,2024-07-31,1
94,5108750615355823,gduckit2l@topsy.com,5323201403,Duckit,Garald,3075 Rutledge Place,2009-03-09,NULL,1,2023-01-06,,1
95,5048372370196079,aglancey2m@wikispaces.com,1187471120,Glancey,Alleen,92 Bonner Parkway,2009-06-25,NULL,3,2023-05-25,,1
96,5048376376014707,imullinger2n@ameblo.jp,7662416107,Mullinger,Ivan,0820 Ridge Oak Pass,2009-11-03,NULL,3,2022-11-05,,1
97,5048374262173570,fyellowley2o@ft.com,2994857363,Yellowley,Flori,9 Fairview Trail,2009-02-09,NULL,3,2022-11-11,,1
98,5048375678180984,alutton2p@wiley.com,1144745803,Lutton,Amabel,1756 Hoepker Plaza,2008-07-16,NULL,3,2023-04-08,,1
99,5108759450639704,jsuston2q@nih.gov,1726538265,Suston,Jedediah,590 Stephen Place,2010-07-28,NULL,2,2023-06-11,,1
100,5108759305654163,shaville2r@newsvine.com,4793494680,Haville,Simone,499 Tennyson Junction,2010-10-31,NULL,2,2022-09-12,,1
101,5048378609643187,dbeldum2s@artisteer.com,8575497635,Beldum,Dionysus,76114 Village Crossing,2009-04-16,NULL,1,2023-02-04,,1
102,5048377772904053,lsinderland2t@tumblr.com,3996915441,Sinderland,Lorens,018 Thackeray Parkway,2010-08-01,NULL,2,2023-01-13,,1
103,5048370890194533,bfoyster2u@nymag.com,5127574304,Foyster,Baxter,95394 6th Crossing,2010-05-12,NULL,1,2023-06-17,,1
104,5048371687496230,zfoale2v@hao123.com,7156574731,Foale,Zsa zsa,0298 Debs Road,2009-08-26,NULL,1,2022-10-17,2024-05-22,1
105,5048371850146687,wpenhalurick2w@blog.com,1474225378,Penhalurick,Win,76233 Quincy Way,2009-08-01,NULL,1,2023-02-20,,1
106,5048372950806204,vcoatts2x@engadget.com,8121249111,Coatts,Viola,1 Farwell Alley,2008-05-29,NULL,3,2022-09-20,2024-02-06,1
107,5048378083210610,ncoaker2y@csmonitor.com,5018212402,Coaker,Noby,13466 Burning Wood Drive,2010-09-02,NULL,1,2023-06-28,,1
108,5048374725109021,knewart2z@ox.ac.uk,5741834059,Newart,Kacy,3167 Clove Crossing,2008-07-06,NULL,3,2023-06-07,,1
109,5048374126935370,bpullar30@wikimedia.org,9228668854,Pullar,Baxie,9708 Lakewood Point,2009-10-10,NULL,2,2023-01-18,,1
110,5048377980763218,yfarragher31@domainmarket.com,9784691861,Farragher,Yettie,87035 Kensington Plaza,2010-09-03,NULL,1,2022-09-16,2024-03-22,1
111,5048372740592759,rblaber32@clickbank.net,8057177778,Blaber,Rochella,0250 Petterle Pass,2009-12-10,NULL,3,2022-12-12,2024-07-13,1
112,5108756285564024,pscorrer33@pen.io,4373859037,Scorrer,Padget,06558 Jenifer Circle,2009-07-22,NULL,2,2023-01-24,,1
113,5108757304365112,ldineen34@cam.ac.uk,7149732546,Dineen,Lizabeth,0313 Butterfield Road,2009-08-20,NULL,3,2022-08-15,,1
114,5108756163747501,rcusick35@fotki.com,7659448737,Cusick,Ruddy,25847 Nobel Street,2008-03-17,NULL,1,2023-04-06,2024-01-23,1
115,5108750902350024,tclancy36@infoseek.co.jp,8266363197,Clancy,Tonie,4 Hauk Trail,2009-02-17,NULL,2,2023-02-13,,1
116,5108757738613202,lshird37@google.com.br,9245042103,Shird,Laural,0136 Rutledge Drive,2009-02-09,NULL,2,2023-06-25,2023-10-06,1
117,5108755348833905,lguare38@rambler.ru,6819963443,Guare,Layne,8 Redwing Court,2009-07-25,NULL,1,2023-08-09,,1
118,5048371575396005,gkiltie39@twitpic.com,5688997716,Kiltie,Guthrie,4702 Reinke Terrace,2008-07-11,NULL,3,2023-04-15,,1
119,5048376766749417,vpaull3a@shareasale.com,2689251936,Paull,Virgilio,71 Dawn Drive,2010-11-24,NULL,1,2022-08-29,,1
120,5108758030297017,rdainter3b@trellian.com,9119155195,Dainter,Ralph,54696 Loomis Crossing,2010-07-07,NULL,2,2023-02-05,,1
121,5048371304010190,kklesel3c@cnet.com,7899680285,Klesel,Kala,8078 Linden Parkway,2009-05-28,NULL,2,2023-01-31,,1
122,5048378699886506,sstrainge3d@hao123.com,1245075769,Strainge,Sarah,350 Stang Crossing,2010-08-01,NULL,2,2022-10-16,,1
123,5108750225812346,vmcphate3e@theglobeandmail.com,3573520542,McPhate,Vallie,0 Buena Vista Center,2009-01-04,NULL,2,2023-01-30,,1
124,5108753873088722,jwarrier3f@va.gov,1854289587,Warrier,Julissa,300 Debra Way,2010-09-21,NULL,3,2023-08-01,,1
125,5108759587993891,dingley3g@google.ca,4676185142,Ingley,Darrin,11 Di Loreto Point,2010-11-27,NULL,2,2023-03-29,,1
126,5048378973351557,gsenogles3h@sphinn.com,5452835790,Senogles,Gaylene,17087 Kennedy Way,2010-12-04,NULL,1,2023-04-14,,1
127,5048376642987629,dcooke3i@1und1.de,7754816680,Cooke,Dorolice,2 Butterfield Hill,2010-12-18,NULL,3,2023-02-16,,1
128,5048372615635956,msaywell3j@friendfeed.com,5786531221,Saywell,Morna,8299 Bayside Pass,2010-02-10,NULL,2,2023-05-03,,1
129,5048377735385978,hbranni3k@indiegogo.com,6792656889,Branni,Helsa,58 Corscot Parkway,2008-01-29,NULL,1,2023-07-05,,1
130,5048374345266060,bwhiteland3l@tinyurl.com,1478112457,Whiteland,Barty,81 Almo Road,2010-06-01,NULL,1,2023-04-03,,1
131,5108757997717108,fkohnen3m@alexa.com,5054043026,Kohnen,Ferdinande,842 Oak Valley Circle,2009-12-12,NULL,2,2023-01-16,,1
132,5108758574169770,cpayley3n@gizmodo.com,3874961202,Payley,Caron,18 Kinsman Trail,2008-06-21,NULL,1,2023-04-24,,1
133,5108756492136939,lbearsmore3o@wp.com,4757287304,Bearsmore,Lucius,27735 Monument Crossing,2008-08-25,NULL,3,2022-10-09,,1
134,5108759704116244,gmarples3p@shop-pro.jp,5969115802,Marples,Gabby,291 Harper Pass,2008-11-07,NULL,3,2023-06-20,,1
135,5108750196306955,ntumilson3q@slashdot.org,4557647568,Tumilson,Norri,415 Farragut Plaza,2009-10-25,NULL,2,2022-08-16,,1
136,5108755389962506,oclaypool3r@weibo.com,1221776348,Claypool,Othelia,4682 Dapin Street,2010-06-22,NULL,1,2022-10-30,,1
137,5048374274586140,nchason3s@plala.or.jp,9294356425,Chason,Ninette,0 Pawling Crossing,2008-04-14,NULL,1,2023-07-28,,1
138,5108751382941803,tdurtnall3t@blog.com,1621294563,Durtnall,Talbot,21844 Donald Hill,2010-05-20,NULL,2,2023-04-27,2024-06-20,1
139,5048379043434985,jruprecht3u@myspace.com,8031400106,Ruprecht,Jobie,32 Clarendon Center,2010-08-16,NULL,2,2022-08-27,,1
140,5048372217878244,lalvarado3v@mysql.com,2034014581,Alvarado,Lilas,04 Carioca Place,2008-01-30,NULL,2,2023-06-26,,1
141,5048377177260507,wduthy3w@discovery.com,3477710142,Duthy,Wendel,91651 Larry Alley,2008-04-16,NULL,3,2023-03-23,,1
142,5108752411370337,jgorges3x@nbcnews.com,8958862691,Gorges,Janith,507 Susan Court,2010-03-11,NULL,2,2023-06-22,2023-11-27,1
143,5108756553884211,higonet3y@macromedia.com,2132669368,Igonet,Horst,05944 Merry Place,2008-12-24,NULL,3,2023-08-10,,1
144,5108752900985256,otyzack3z@tripod.com,1453495544,Tyzack,Orland,39819 Manufacturers Road,2009-11-28,NULL,1,2022-11-05,,1
145,5048376399434072,mbernaert40@spotify.com,3636280824,Bernaert,Merrel,9 Donald Center,2008-10-09,NULL,1,2022-09-18,,1
146,5048372007273200,tlegister41@statcounter.com,9414716154,Legister,Tove,80 Browning Drive,2010-10-05,NULL,3,2022-11-14,,1
147,5048379063591672,cantoniak42@pinterest.com,3001509977,Antoniak,Cooper,9 Beilfuss Drive,2008-03-08,NULL,3,2023-06-06,,1
148,5108750701494205,htidbold43@exblog.jp,5369444716,Tidbold,Haley,33 Heffernan Plaza,2009-02-25,NULL,2,2023-01-04,,1
149,5048372058542966,sboullen44@nature.com,8101726270,Boullen,Saxon,45 Garrison Lane,2010-08-03,NULL,1,2022-12-02,,1
150,5048374485485629,iblockley45@shareasale.com,5653844793,Blockley,Irv,53045 Dixon Avenue,2010-01-17,NULL,1,2023-03-17,,1
151,5048372655168942,rcejka46@bigcartel.com,6526906868,Cejka,Rozalin,12 Commercial Crossing,2008-08-14,NULL,2,2022-12-20,2023-12-24,1
152,5048379972123161,hloxton47@blogger.com,1557039430,Loxton,Hurlee,64 Buell Pass,2008-02-06,NULL,1,2023-07-14,2024-05-14,1
153,5108757247485282,lfalcus48@over-blog.com,9987959685,Falcus,Lizabeth,94856 Fieldstone Crossing,2008-08-30,NULL,1,2022-10-10,,1
154,5048376885072949,lhinrichsen49@phoca.cz,8159317356,Hinrichsen,Luciano,64 Fremont Drive,2008-07-26,NULL,2,2022-12-16,,1
155,5048378828074123,egeroldi4a@un.org,7855541489,Geroldi,Evaleen,40090 Reindahl Parkway,2008-06-10,NULL,3,2023-01-03,2023-09-14,1
156,5108751823268485,yhospital4b@google.es,5318363556,Hospital,Yehudi,3 Westridge Terrace,2008-04-02,NULL,2,2023-02-28,,1
157,5108755157497222,bgrindall4c@chronoengine.com,9514911097,Grindall,Brnaba,7228 Upham Plaza,2008-01-18,NULL,3,2023-06-20,2023-10-09,1
158,5048373346613072,vbulluck4d@google.fr,6385008868,Bulluck,Vivia,9 Lukken Trail,2009-07-05,NULL,2,2023-06-12,2024-05-13,1
159,5048378090616312,mstoak4e@examiner.com,6787366413,Stoak,Meyer,3 Jenifer Hill,2009-07-07,NULL,3,2023-02-26,2024-07-06,1
160,5048375752710409,olevet4f@google.ru,4083848669,Levet,Odelle,219 Talisman Avenue,2008-11-06,NULL,1,2022-10-09,,1
161,5048379274675611,gscarlon4g@blinklist.com,5096579918,Scarlon,Ginger,1846 Bartelt Trail,2009-11-12,NULL,3,2023-02-13,,1
162,5108750299295949,sbeddis4h@zimbio.com,5604129825,Beddis,Sibel,56 Toban Center,2009-10-09,NULL,2,2023-05-27,,1
163,5108751804977781,aspirit4i@mediafire.com,3573676166,Spirit,Andriana,0 Dexter Terrace,2008-02-01,NULL,1,2023-07-31,2024-01-27,1
164,5108751633929490,jhogben4j@gizmodo.com,3465873187,Hogben,Jena,7 Mifflin Trail,2009-09-08,NULL,3,2023-05-10,2024-05-06,1
165,5048372323097630,dimesson4k@cbsnews.com,6152752889,Imesson,Devy,90 Northfield Park,2010-07-31,NULL,3,2023-01-03,,1
166,5048372731415259,tbazoge4l@smugmug.com,7969281641,Bazoge,Trudi,9649 Sherman Pass,2008-09-10,NULL,2,2023-03-06,,1
167,5048370631371267,ccrowdy4m@nhs.uk,1018663639,Crowdy,Colver,02479 Larry Drive,2008-08-13,NULL,2,2023-05-07,,1
168,5048373494140118,rstrelitz4n@cornell.edu,4318494368,Strelitz,Romeo,594 Southridge Trail,2010-11-13,NULL,2,2023-05-08,,1
169,5108757921714395,bsummons4o@dell.com,8881304234,Summons,Bevan,7 Eastlawn Drive,2009-06-16,NULL,2,2022-09-29,,1
170,5108752705185953,lwogan4p@creativecommons.org,3549213119,Wogan,Livy,0 Dixon Parkway,2010-03-28,NULL,2,2023-04-12,,1
171,5048378622756529,lboshier4q@state.tx.us,2657276353,Boshier,Leone,4 Southridge Lane,2008-09-22,NULL,3,2023-06-21,2024-02-26,1
172,5108754147626685,jmarsay4r@dot.gov,1525496380,Marsay,Jayson,4 Northland Center,2010-08-30,NULL,3,2023-06-25,2023-11-25,1
173,5048379966093594,bthirkettle4s@oracle.com,8089232494,Thirkettle,Borg,7 Badeau Place,2009-09-05,NULL,2,2023-05-14,,1
174,5108755012164256,asigart4t@flickr.com,1714881293,Sigart,Alisander,8 Gerald Junction,2010-05-11,NULL,2,2023-07-09,,1
175,5108755199273490,cbarron4u@google.com.br,5671722559,Barron,Cristie,2356 Maryland Plaza,2008-09-29,NULL,2,2022-11-23,2024-01-28,1
176,5048376190073996,bclayworth4v@discuz.net,2871383868,Clayworth,Bertha,579 Katie Place,2008-11-27,NULL,2,2023-02-12,,1
177,5048374979044742,froadnight4w@bandcamp.com,1763238506,Roadnight,Friederike,07947 Mifflin Pass,2009-08-06,NULL,1,2022-10-23,,1
178,5108750177319266,gaitchison4x@msu.edu,2488567734,Aitchison,Gerard,18281 Service Court,2008-08-31,NULL,1,2023-05-06,2024-06-16,1
179,5048376883163179,hhalms4y@boston.com,4973773972,Halms,Hailey,0318 Laurel Pass,2010-03-29,NULL,1,2023-03-07,,1
180,5108756181917037,kewebank4z@people.com.cn,7465214586,Ewebank,Koren,8 Beilfuss Lane,2010-08-12,NULL,3,2022-10-07,,1
181,5108759015765929,scretney50@trellian.com,7827920275,Cretney,Stillman,2283 Charing Cross Terrace,2008-04-24,NULL,1,2023-01-02,,1
182,5108755369464127,llowin51@princeton.edu,3814995663,Lowin,Lin,205 Gale Court,2009-06-25,NULL,1,2023-02-15,,1
183,5048378891654652,zhawker52@msu.edu,7787841236,Hawker,Zacharias,073 Northfield Avenue,2010-07-11,NULL,2,2022-08-26,,1
184,5048377490055550,tgood53@mysql.com,2053682484,Good,Tobe,93378 8th Avenue,2010-06-15,NULL,1,2023-06-06,,1
185,5048370999261233,mlucken54@toplist.cz,9103618413,Lucken,Maxy,27 Dexter Drive,2009-04-10,NULL,1,2022-10-05,,1
186,5048373356375752,aairth55@twitter.com,7303898094,Airth,Arri,41551 Upham Crossing,2008-02-07,NULL,1,2022-11-27,,1
187,5048372131169910,dchapling56@reddit.com,2293800612,Chapling,Doti,97554 Fisk Lane,2010-12-08,NULL,3,2022-11-30,,1
188,5108758069286634,mcars57@uol.com.br,8278715413,Cars,Marjy,1 John Wall Parkway,2009-05-16,NULL,2,2022-09-26,,1
189,5048375169414413,ahutcheson58@apache.org,2733107192,Hutcheson,Alley,28 Summer Ridge Lane,2008-09-04,NULL,2,2022-09-19,2023-09-03,1
190,5108752020294365,mmieville59@earthlink.net,1277676670,Mieville,Marie,069 Sycamore Road,2010-09-11,NULL,3,2022-11-09,,1
191,5108759132970048,ftrenbey5a@usatoday.com,8706391965,Trenbey,Farica,7 Arizona Pass,2010-06-18,NULL,1,2023-07-25,,1
192,5108758871939990,ckubica5b@skyrock.com,9619908781,Kubica,Charlotte,2011 Goodland Circle,2010-04-20,NULL,3,2023-02-23,2024-05-15,1
193,5048377403400752,vvansaltsberg5c@theguardian.com,3037781854,Van Saltsberg,Virgie,1453 Quincy Alley,2008-02-23,NULL,3,2023-04-22,,1
194,5048376035760294,kkyllford5d@pen.io,9634906912,Kyllford,Kalindi,3213 Old Gate Lane,2009-07-24,NULL,2,2023-03-08,,1
195,5048373092970908,nbuckhurst5e@g.co,8391570720,Buckhurst,Nicole,7 Sage Hill,2009-01-07,NULL,3,2023-04-10,,1
196,5108752485761049,gmourbey5f@lulu.com,5982468812,Mourbey,Gay,19 Roxbury Junction,2010-01-20,NULL,1,2023-03-13,,1
197,5108751496713775,sbarensen5g@umn.edu,1741310748,Barensen,Swen,61 6th Alley,2009-04-01,NULL,2,2023-01-02,,1
198,5048376566775174,gkorting5h@ow.ly,2772242464,Korting,Giffie,980 Mifflin Alley,2009-10-17,NULL,2,2022-10-11,,1
199,5048379911596436,ldibiaggi5i@utexas.edu,4803921685,Di Biaggi,Loleta,67267 Nelson Road,2010-07-22,NULL,3,2023-06-22,,1
200,5048371801708668,gkington5j@rakuten.co.jp,3986679820,Kington,Gardie,30 Prairie Rose Terrace,2008-07-23,NULL,2,2023-01-30,2023-09-05,1
201,5048372051278329,cpadilla5k@upenn.edu,5617295714,Padilla,Carlota,40759 Scott Trail,2010-02-05,NULL,2,2022-11-12,,1
202,5048373971781947,cscarre5l@dion.ne.jp,3731663725,Scarre,Chantalle,3050 Comanche Way,2008-11-13,NULL,1,2023-06-26,,1
203,5108750355723255,aholdey5m@example.com,3307889854,Holdey,Anna,8 Sauthoff Terrace,2008-06-11,NULL,2,2022-08-26,,1
204,5048377941076981,kwyburn5n@adobe.com,6125469386,Wyburn,Kelsy,2636 Hauk Lane,2009-04-10,NULL,2,2022-08-12,,1
205,5108756300775597,dpink5o@ucsd.edu,7499212799,Pink,Daisy,53 Jay Park,2008-10-05,NULL,3,2023-02-28,,1
206,5108756068567814,bbeagley5p@intel.com,1327382457,Beagley,Bourke,9 Fair Oaks Center,2010-06-18,NULL,3,2023-04-18,,1
207,5048378944313306,jjewster5q@lulu.com,3442032330,Jewster,Johnathon,6791 Division Junction,2010-07-09,NULL,3,2023-03-01,,1
208,5048374654406158,ndruce5r@cnn.com,4054217484,Druce,Nikoletta,915 Pawling Court,2009-05-22,NULL,1,2022-11-06,,1
209,5048371646048304,fgartside5s@vkontakte.ru,1849643944,Gartside,Franky,59 Jenifer Plaza,2009-02-23,NULL,2,2022-09-04,,1
210,5108756373761037,kdanahar5t@ca.gov,3683910713,Danahar,Kaitlyn,9 Ridge Oak Avenue,2010-01-19,NULL,2,2023-05-06,,1
211,5048370426289211,avasyunkin5u@360.cn,7692875935,Vasyunkin,Aggy,529 Sutteridge Terrace,2008-03-05,NULL,1,2022-11-08,,1
212,5048373045787243,waucutt5v@newsvine.com,8545809777,Aucutt,Wren,571 Randy Road,2009-06-04,NULL,2,2023-04-06,,1
213,5108758605653958,ldannatt5w@barnesandnoble.com,9047192484,Dannatt,Lida,1636 Ramsey Junction,2010-12-14,NULL,1,2022-12-09,2024-04-16,1
214,5108759712617639,ainge5x@1688.com,7148328247,Inge,Anabel,830 Park Meadow Way,2008-03-04,NULL,2,2023-05-02,2023-11-12,1
215,5048378613980518,gbonifazio5y@oaic.gov.au,2541687932,Bonifazio,Giuseppe,4 Katie Court,2010-06-27,NULL,3,2023-04-03,2024-01-22,1
216,5048372102910607,tbelford5z@wikimedia.org,8944531432,Belford,Tessa,34449 Dennis Avenue,2010-11-30,NULL,3,2022-11-07,,1
217,5048377749010190,wbayman60@biglobe.ne.jp,1211989289,Bayman,Webb,42 Fieldstone Pass,2010-03-07,NULL,2,2023-04-16,2024-02-29,1
218,5108756495666940,jdehmel61@home.pl,6096209973,Dehmel,Jeff,400 Stang Court,2009-01-06,NULL,1,2023-07-25,,1
219,5108758975080857,mbacon62@scribd.com,9719611338,Bacon,Mackenzie,5859 Stoughton Lane,2009-04-27,NULL,1,2022-12-23,,1
220,5048370547780460,arebillard63@merriam-webster.com,7882180076,Rebillard,Anthea,44631 Gateway Hill,2010-12-31,NULL,2,2022-11-25,,1
221,5108751609625577,bambresin64@fc2.com,3831118585,Ambresin,Bobina,81246 Derek Way,2010-09-27,NULL,3,2022-11-23,,1
222,5108751908022849,fbrussels65@jigsy.com,2613748182,Brussels,Falito,82 Lighthouse Bay Park,2008-05-14,NULL,3,2022-09-05,,1
223,5108751629595958,pburnett66@wikia.com,5443257913,Burnett,Perry,5438 Bluejay Parkway,2008-12-29,NULL,3,2022-12-19,,1
224,5108750618681993,mallibon67@printfriendly.com,2812916194,Allibon,Malia,3 Thompson Parkway,2008-01-21,NULL,3,2023-07-22,,1
225,5108754901557324,bdorman68@sina.com.cn,2022617057,Dorman,Britte,5031 Maple Trail,2008-10-29,NULL,3,2023-02-01,,1
226,5048370278906615,kmalletratt69@sphinn.com,4838172603,Malletratt,Kendal,423 Muir Hill,2010-09-07,NULL,1,2022-10-13,2024-08-07,1
227,5048373637054333,alackemann6a@drupal.org,6187100103,Lackemann,Antonella,0697 Muir Road,2010-09-29,NULL,1,2023-01-09,,1
228,5048378295835816,nkelemen6b@uol.com.br,4731993910,Kelemen,Nan,97422 Paget Center,2009-03-18,NULL,3,2022-11-30,,1
229,5048376929490776,oworsnop6c@google.nl,9978727570,Worsnop,Ofella,6 Morning Pass,2009-04-07,NULL,3,2023-05-28,2024-02-22,1
230,5048373119354425,nlavall6d@g.co,9416241246,Lavall,Nanny,856 Gerald Place,2009-04-28,NULL,2,2023-08-01,,1
231,5048376858946079,kgert6e@yandex.ru,7433690970,Gert,Kelsi,2196 Tennessee Road,2010-01-21,NULL,2,2023-01-10,,1
232,5108751802358224,lfearnyhough6f@dailymotion.com,1036023803,Fearnyhough,Lelia,40562 Sugar Lane,2009-10-22,NULL,3,2023-06-23,,1
233,5108758784110150,bbolt6g@forbes.com,1869531187,Bolt,Barr,779 Lake View Alley,2008-08-23,NULL,1,2023-07-18,2024-04-17,1
234,5108754705705590,eibarra6h@yelp.com,8818938709,Ibarra,Elsa,932 Lakeland Junction,2009-02-14,NULL,2,2023-07-05,2024-02-26,1
235,5108758667292679,kolagene6i@about.me,7565173260,O'Lagene,Kore,49506 Mayer Center,2008-02-03,NULL,1,2023-06-04,2023-09-23,1
236,5108750821878998,ksanders6j@google.com.hk,3776377031,Sanders,Kim,73 Sachtjen Terrace,2010-11-02,NULL,1,2022-08-17,,1
237,5048377740119479,sjarnell6k@deviantart.com,5854078448,Jarnell,Salli,391 Butterfield Hill,2009-09-12,NULL,3,2022-08-12,,1
238,5108751974463638,mdionis6l@nhs.uk,2361093050,Dionis,Melamie,42272 Barby Crossing,2009-04-01,NULL,3,2023-06-15,,1
239,5108752299230330,gfreebury6m@nature.com,2066448157,Freebury,Gabriel,86 Ohio Avenue,2008-07-10,NULL,1,2023-08-09,,1
240,5048373198195392,kcoot6n@wikispaces.com,8715016172,Coot,Kev,28 Dahle Plaza,2009-11-19,NULL,1,2023-07-25,,1
241,5108757094844003,kburberry6o@tinyurl.com,3547871047,Burberry,Kliment,2789 Goodland Circle,2010-05-13,NULL,3,2023-01-22,,1
242,5108752056092295,dklasen6p@ed.gov,6382744440,Klasen,Denni,8358 7th Parkway,2008-10-25,NULL,2,2023-06-03,,1
243,5048375326350435,oduval6q@google.com.hk,9148822668,Duval,Odo,6792 Hintze Crossing,2008-05-15,NULL,1,2022-12-20,2023-08-11,1
244,5108752706770316,egoodlatt6r@walmart.com,3339775130,Goodlatt,Earlie,29330 Glendale Terrace,2009-11-07,NULL,3,2022-10-18,,1
245,5108759355943185,rhuggard6s@blogtalkradio.com,2737648663,Huggard,Rubina,773 Bellgrove Center,2010-05-20,NULL,2,2022-10-09,,1
246,5108750171012248,agodridge6t@fc2.com,5785067680,Godridge,Andria,94 Farwell Crossing,2010-11-08,NULL,3,2023-01-11,,1
247,5048375313333980,ktither6u@telegraph.co.uk,5518830887,Tither,Karalee,931 Arapahoe Hill,2009-02-07,NULL,1,2023-04-10,,1
248,5048374357404401,smenhenitt6v@dedecms.com,8176338288,Menhenitt,Sheeree,17 Vermont Drive,2009-02-19,NULL,2,2022-10-04,,1
249,5048370958520306,awoloschin6w@uol.com.br,2181057721,Woloschin,Amble,3 Kedzie Lane,2010-10-02,NULL,1,2023-01-10,,1
250,5048371988118327,ewardlow6x@issuu.com,1975548280,Wardlow,Ella,51632 Londonderry Drive,2010-11-15,NULL,2,2023-05-04,2024-03-09,1
251,5048374342111723,ocoal6y@woothemes.com,8655047959,Coal,Oralie,57653 Autumn Leaf Way,2008-12-21,NULL,2,2023-05-04,,1
252,5108750756314654,kcouvert6z@dedecms.com,9991391393,Couvert,Krishnah,16 Hooker Avenue,2010-06-07,NULL,2,2023-07-08,,1
253,5108750732995311,ckinzel70@vistaprint.com,7798125927,Kinzel,Creighton,348 Mcbride Point,2009-01-18,NULL,1,2022-11-30,,1
254,5048377085912389,jplank71@google.cn,7418155041,Plank,Julee,99953 Farragut Street,2008-07-29,NULL,1,2022-10-06,,1
255,5048376871229297,stungay72@slashdot.org,6418602411,Tungay,Shepard,95 Bluestem Road,2009-05-06,NULL,3,2023-05-08,2024-04-25,1
256,5048370864440292,kbelvard73@addtoany.com,7185433481,Belvard,Kiele,31 Loomis Alley,2008-07-30,NULL,2,2022-09-10,,1
257,5108755940636920,drankling74@mayoclinic.com,8009092780,Rankling,Donovan,278 Buhler Court,2010-01-26,NULL,3,2023-04-22,,1
258,5048370417857554,dplatfoot75@gizmodo.com,7666738278,Platfoot,Dallis,7 Barnett Parkway,2008-08-26,NULL,2,2023-01-11,,1
259,5108751797514351,cmacnalley76@last.fm,1492397609,MacNalley,Cirstoforo,02 Fuller Place,2008-09-07,NULL,1,2022-09-28,,1
260,5048372107081693,vbazire77@discuz.net,4621414512,Bazire,Valerye,18609 Independence Street,2010-05-14,NULL,3,2023-02-22,,1
261,5108752390659189,ljerschke78@spotify.com,2002568111,Jerschke,Lonny,3 Briar Crest Street,2010-01-09,NULL,3,2023-06-10,,1
262,5108756786462561,naspinal79@google.ru,4639330396,Aspinal,Nadya,01 Upham Drive,2009-12-08,NULL,1,2023-06-27,,1
263,5108750608440251,swales7a@cnbc.com,6657299951,Wales,Son,02638 Vidon Junction,2010-02-16,NULL,3,2022-09-17,2024-01-05,1
264,5048378587508246,dsones7b@acquirethisname.com,8785422419,Sones,Danette,28461 Homewood Circle,2008-06-03,NULL,3,2022-12-26,,1
265,5108753963588235,jbolstridge7c@slideshare.net,8353674537,Bolstridge,Jaimie,576 Fulton Trail,2008-09-05,NULL,2,2023-04-14,,1
266,5108753073426409,tblackley7d@businessweek.com,8924656497,Blackley,Tanner,22247 Cordelia Point,2009-08-14,NULL,3,2023-07-01,2024-01-24,1
267,5108752811782404,sbushaway7e@free.fr,5034961077,Bushaway,Starr,6 Emmet Park,2008-10-15,NULL,3,2022-11-06,,1
268,5108759179608865,tpackman7f@ox.ac.uk,8316726142,Packman,Tiler,22 Miller Point,2009-05-31,NULL,2,2023-03-08,,1
269,5108759117380015,jarnefield7g@cocolog-nifty.com,7781852066,Arnefield,Jacobo,1218 Mifflin Court,2009-11-26,NULL,1,2023-02-07,,1
270,5048377074486734,kandras7h@lycos.com,6758831324,Andras,Karoly,6 Meadow Ridge Terrace,2010-03-14,NULL,2,2023-03-18,,1
271,5048376572191697,tcronshaw7i@livejournal.com,7329269813,Cronshaw,Tedman,0 Clarendon Lane,2008-08-15,NULL,2,2022-12-12,2024-03-11,1
272,5108753340576879,llyburn7j@ft.com,2163158159,Lyburn,Laurie,7030 Johnson Terrace,2010-04-02,NULL,1,2022-12-14,,1
273,5108755406049832,cupcraft7k@house.gov,2057294331,Upcraft,Cheryl,2 Bashford Court,2009-04-02,NULL,2,2023-06-10,2023-10-03,1
274,5048374281606964,tleeder7l@utexas.edu,3773035540,Leeder,Tammy,4 Gina Point,2008-06-11,NULL,3,2022-09-27,,1
275,5048374230734651,nnewart7m@ameblo.jp,2123755517,Newart,Nanny,781 Lakeland Hill,2010-09-25,NULL,2,2023-06-29,,1
276,5108757413672945,mgunn7n@statcounter.com,2125457716,Gunn,Meyer,25460 Mariners Cove Court,2009-02-07,NULL,3,2022-10-18,2024-01-09,1
277,5108754158374746,rmosson7o@nationalgeographic.com,2095285704,Mosson,Richard,291 Southridge Hill,2010-12-02,NULL,3,2022-09-18,,1
278,5048371153142953,ntwaits7p@nydailynews.com,3081461355,Twaits,Nathanael,3997 Lawn Plaza,2010-04-08,NULL,2,2023-07-16,,1
279,5108750461007585,cgirone7q@wunderground.com,4887332869,Girone,Cherilynn,8834 Pleasure Alley,2010-11-28,NULL,3,2022-08-22,,1
280,5048375393262950,nblakebrough7r@ebay.co.uk,6193810739,Blakebrough,Natka,6522 Stuart Street,2008-01-18,NULL,2,2022-11-21,,1
281,5048375002564630,atoopin7s@wunderground.com,6508935158,Toopin,Amelie,82 Hanover Drive,2008-08-14,NULL,3,2022-12-05,2023-08-11,1
282,5108756900110435,vcreswell7t@t.co,5547530015,Creswell,Vail,9116 Waywood Crossing,2010-06-12,NULL,1,2023-04-09,2024-06-29,1
283,5048371383989256,clandrieu7u@tumblr.com,5803627669,Landrieu,Cad,98 Farmco Trail,2010-07-25,NULL,2,2022-11-01,2024-05-24,1
284,5048378460335709,owimpey7v@salon.com,7364026158,Wimpey,Oberon,989 Bowman Crossing,2010-10-06,NULL,3,2023-08-10,,1
285,5108757315013248,crowlson7w@parallels.com,3437049097,Rowlson,Corney,089 Rutledge Terrace,2010-09-10,NULL,3,2022-09-23,,1
286,5048379311207485,ideekes7x@bloglines.com,2105883711,Deekes,Inigo,14108 Onsgard Drive,2009-10-19,NULL,1,2022-10-19,2024-02-13,1
287,5048372120036211,cfigure7y@marketwatch.com,2651881430,Figure,Cicily,16 Division Point,2010-10-25,NULL,2,2023-05-14,,1
288,5108754827221732,gmolson7z@imageshack.us,2645721662,Molson,Gerri,57770 Elgar Avenue,2008-11-11,NULL,3,2022-11-07,,1
289,5108754289581367,rbatterham80@seesaa.net,4332163405,Batterham,Roberto,00 Merry Point,2009-04-02,NULL,2,2023-05-09,,1
290,5108751433264239,adenkel81@dailymail.co.uk,1407842161,Denkel,Adda,94910 Talmadge Road,2008-01-11,NULL,2,2022-11-10,,1
291,5048376646464070,abonafant82@yellowbook.com,9465632593,Bonafant,Amby,0725 Roxbury Plaza,2008-02-06,NULL,3,2022-12-31,,1
292,5048378010899287,brentoul83@stanford.edu,4054867913,Rentoul,Bette-ann,34162 Summer Ridge Trail,2010-10-14,NULL,1,2023-05-13,,1
293,5108755092682037,papple84@reverbnation.com,5734241531,Apple,Patrice,4207 Duke Trail,2009-03-26,NULL,1,2022-12-26,2023-08-26,1
294,5108753402693489,cennew85@soup.io,2605556573,Ennew,Corny,1340 Sachtjen Street,2009-06-07,NULL,2,2023-02-13,,1
295,5048379495625189,mbolderoe86@dot.gov,7524716280,Bolderoe,Marney,788 Crowley Junction,2010-12-19,NULL,1,2023-03-10,,1
296,5048379125158197,lleftridge87@wikia.com,6006175806,Leftridge,Lesley,17006 Clemons Terrace,2010-10-13,NULL,2,2023-03-04,,1
297,5048376222593797,tlitton88@liveinternet.ru,4837702846,Litton,Tadio,0942 Anderson Road,2009-07-06,NULL,3,2023-05-03,,1
298,5048379786746769,sborrel89@addthis.com,3881407976,Borrel,Skell,40 Saint Paul Court,2009-05-30,NULL,3,2023-04-15,,1
299,5108751911947933,sperle8a@1und1.de,4236029540,Perle,Saba,3 Grover Alley,2010-08-25,NULL,3,2022-11-13,,1
300,5048373032140935,dskelhorn8b@msn.com,7256481187,Skelhorn,Derry,82221 Orin Trail,2009-10-24,NULL,1,2022-10-12,,1
301,5048370467470746,plockyer8c@g.co,4233178415,Lockyer,Pattin,609 Gale Parkway,2008-10-30,NULL,2,2022-09-12,,1
302,5108754442446755,alinke8d@sitemeter.com,4514833315,Linke,Ave,301 Miller Way,2009-04-14,NULL,3,2023-07-23,,1
303,5108757279016617,ecaston8e@youtube.com,4975406657,Caston,Elane,83714 Boyd Avenue,2009-04-16,NULL,2,2023-07-28,,1
304,5048376745483815,gmorfey8f@surveymonkey.com,4408381654,Morfey,Gregory,099 Tennyson Alley,2010-09-26,NULL,1,2023-02-12,,1
305,5048376243071781,lnixon8g@reverbnation.com,1015506059,Nixon,Latrena,3 Luster Pass,2008-02-10,NULL,1,2022-09-16,2023-10-12,1
306,5108756524740138,jtollemache8h@clickbank.net,1632768666,Tollemache,Jemie,461 Artisan Point,2008-07-11,NULL,2,2023-07-16,,1
307,5048377554081690,asheryn8i@biglobe.ne.jp,2473008488,Sheryn,Anselm,3728 Harbort Center,2008-09-11,NULL,1,2022-09-04,,1
308,5108756996653272,jentres8j@cnbc.com,3435578963,Entres,Jacquie,65 Sherman Avenue,2010-12-08,NULL,3,2022-09-04,2023-09-27,1
309,5108756529375807,vroggeman8k@diigo.com,5073860059,Roggeman,Valenka,31550 Carpenter Junction,2008-09-03,NULL,2,2023-04-26,2023-09-15,1
310,5048371461663724,rfarndell8l@scribd.com,3774601755,Farndell,Rich,445 Garrison Avenue,2009-04-26,NULL,1,2023-08-04,,1
311,5048376388631167,mmathevon8m@hc360.com,8127341030,Mathevon,Malvin,59874 John Wall Pass,2010-07-24,NULL,2,2022-10-19,,1
312,5108755758773898,kmcswan8n@ask.com,2636481522,McSwan,Krisha,07369 Magdeline Crossing,2009-08-15,NULL,1,2023-06-25,,1
313,5048374598011999,amonson8o@tumblr.com,8385537006,Monson,Alejandra,21 Columbus Point,2010-01-20,NULL,3,2022-10-31,,1
314,5048374981475173,rmyrtle8p@multiply.com,3127007864,Myrtle,Rolfe,5584 Tony Point,2009-12-26,NULL,3,2022-12-13,,1
315,5108751784570903,akemer8q@dell.com,2903587271,Kemer,Aldo,9399 Dorton Crossing,2010-10-28,NULL,1,2022-11-15,,1
316,5108755049546053,lmeugens8r@baidu.com,8936704291,Meugens,Lazaro,518 Oakridge Circle,2009-04-20,NULL,3,2023-02-09,,1
317,5048372714694375,cbiasio8s@acquirethisname.com,9131906783,Biasio,Chariot,1 Milwaukee Way,2010-09-22,NULL,1,2023-01-10,,1
318,5108757217972699,mplomer8t@shop-pro.jp,7569522381,Plomer,Matty,992 Fremont Avenue,2008-06-30,NULL,2,2023-06-08,,1
319,5108757507903883,akirsche8u@msn.com,4673734492,Kirsche,Allegra,03 Brentwood Alley,2009-03-20,NULL,2,2022-10-23,,1
320,5108750366309847,vnairne8v@marketwatch.com,2735947226,Nairne,Virginia,013 Comanche Drive,2008-01-01,NULL,2,2023-03-11,,1
321,5108754372443343,acobson8w@time.com,2899072776,Cobson,Arie,2 Brentwood Crossing,2008-03-19,NULL,3,2023-03-23,,1
322,5048374612690356,plait8x@so-net.ne.jp,9698806751,Lait,Paquito,73 Lake View Drive,2009-03-21,NULL,3,2022-09-25,2024-01-01,1
323,5108750817083074,kburk8y@illinois.edu,4926727514,Burk,Kit,84532 Gulseth Place,2009-03-29,NULL,3,2022-10-22,,1
324,5108755869532357,kpaoletto8z@photobucket.com,2889925782,Paoletto,Kissie,60749 Thackeray Way,2008-03-22,NULL,3,2022-10-26,2023-10-13,1
325,5048371553551902,ndulanty90@upenn.edu,2042520410,Dulanty,Newton,20 Weeping Birch Park,2008-07-04,NULL,3,2023-06-04,,1
326,5108758812870460,jfeyer91@hexun.com,6531895448,Feyer,Joli,2 Park Meadow Crossing,2008-01-23,NULL,3,2022-10-09,2023-10-12,1
327,5048372274555628,ckittiman92@google.de,8319931991,Kittiman,Callean,60 Pond Trail,2009-08-11,NULL,1,2022-10-30,,1
328,5108755087202049,btuppeny93@jugem.jp,4701252125,Tuppeny,Benjie,5672 Bultman Parkway,2009-07-25,NULL,3,2023-03-04,,1
329,5048377982036894,cdunbavin94@wsj.com,2284694174,Dunbavin,Cyrillus,932 Pierstorff Parkway,2008-03-24,NULL,1,2023-02-26,,1
330,5108754524066158,mdimmick95@plala.or.jp,9377235059,Dimmick,Mavra,51018 Lerdahl Avenue,2008-01-13,NULL,1,2023-07-05,,1
331,5108750236584116,wwilliment96@uiuc.edu,1769363345,Williment,Walton,5 Veith Crossing,2009-10-17,NULL,3,2022-10-27,2024-04-30,1
332,5108752548214291,mmeineking97@tamu.edu,6003815508,Meineking,Marin,86 East Junction,2009-10-01,NULL,3,2023-04-01,,1
333,5108756916264853,charnwell98@bandcamp.com,5737394166,Harnwell,Christabella,880 Logan Hill,2010-08-28,NULL,1,2022-09-27,,1
334,5108752543148106,jlegrave99@engadget.com,3489665489,Legrave,Jesselyn,73 Independence Center,2009-05-08,NULL,3,2023-07-18,2023-11-28,1
335,5108753054132968,zpayler9a@technorati.com,9594660008,Payler,Zabrina,72036 Clyde Gallagher Trail,2008-06-17,NULL,2,2023-06-13,,1
336,5108756281625688,hcorzor9b@sciencedirect.com,9009049181,Corzor,Hubert,33365 Anzinger Drive,2009-12-24,NULL,1,2023-03-14,2024-02-13,1
337,5108759112788097,cspalton9c@163.com,2151315356,Spalton,Calley,42 Main Lane,2010-04-15,NULL,2,2023-06-14,,1
338,5048370914085881,fmoxstead9d@uol.com.br,1985871777,Moxstead,Ferrell,1 Hauk Drive,2009-07-04,NULL,1,2022-09-08,2024-07-30,1
339,5048374402729471,dflatt9e@mlb.com,3424933520,Flatt,Daffie,3719 Hoard Crossing,2010-05-16,NULL,3,2022-11-08,,1
340,5108751749587794,hrotlauf9f@hud.gov,9243343703,Rotlauf,Hynda,5801 Forster Circle,2008-01-21,NULL,3,2022-12-25,,1
341,5108757859515574,rprujean9g@networkadvertising.org,8284859003,Prujean,Ron,8 Magdeline Place,2010-04-20,NULL,3,2023-03-30,,1
342,5048371444463226,kcolomb9h@phoca.cz,9574224173,Colomb,Kimble,73 Old Shore Road,2010-11-25,NULL,1,2022-09-08,2024-07-13,1
343,5048379585761266,clewisham9i@house.gov,6961010696,Lewisham,Clement,9 Kim Center,2008-05-07,NULL,3,2023-06-29,,1
344,5108754125861700,pcadman9j@indiegogo.com,9975263893,Cadman,Perry,74683 Rowland Point,2010-08-21,NULL,3,2022-10-13,,1
345,5048373153605740,ofrankcomb9k@over-blog.com,7459712609,Frankcomb,Otha,36549 Hauk Trail,2009-10-14,NULL,2,2022-10-11,2023-09-15,1
346,5108752592351049,ctomson9l@comcast.net,5033056686,Tomson,Cristian,32088 Meadow Valley Trail,2008-10-02,NULL,3,2022-12-17,,1
347,5108750244570883,akidsley9m@go.com,1369980460,Kidsley,Adda,6 Portage Hill,2009-11-07,NULL,2,2023-06-03,,1
348,5108757277932526,zvinson9n@loc.gov,6326556303,Vinson,Zorana,4 Norway Maple Center,2008-04-24,NULL,1,2023-05-08,,1
349,5048372227289721,mtrewhitt9o@deliciousdays.com,2559730413,Trewhitt,Mord,6 Tennyson Street,2008-11-07,NULL,3,2023-07-16,,1
350,5108750712940493,gredan9p@sohu.com,1264254609,Redan,Grayce,3 Redwing Center,2010-08-22,NULL,3,2023-05-16,,1
351,5108754043834060,ccronshaw9q@nyu.edu,3574049530,Cronshaw,Crosby,011 Roth Hill,2009-06-16,NULL,2,2023-04-05,,1
352,5048375569242638,ntitterrell9r@yellowbook.com,7326282806,Titterrell,Nikos,47982 Texas Circle,2010-04-24,NULL,3,2023-05-29,2023-11-27,1
353,5108756748911614,ascamel9s@scientificamerican.com,8742953039,Scamel,Alwyn,04838 Bluejay Alley,2009-05-28,NULL,1,2023-01-30,,1
354,5108757689044456,mbrokenshaw9t@dailymotion.com,3605960736,Brokenshaw,Minni,6 Golf View Park,2008-02-05,NULL,1,2023-03-31,,1
355,5108758654372153,traddenbury9u@tamu.edu,8356384031,Raddenbury,Twyla,9 Chive Pass,2010-05-01,NULL,3,2022-12-16,,1
356,5108750993350362,uweavill9v@wikimedia.org,4827037743,Weavill,Ulric,4 Express Junction,2010-04-26,NULL,1,2023-07-28,,1
357,5108756894888053,emorrow9w@xing.com,6003695030,Morrow,Evy,4797 Westend Place,2009-12-07,NULL,3,2022-11-18,,1
358,5048378700849626,gtullis9x@google.com.au,4422806778,Tullis,Gretal,711 Northview Lane,2010-03-09,NULL,1,2023-05-28,,1
359,5108756774545807,mcraik9y@artisteer.com,2791859543,Craik,Maximo,483 Elgar Park,2010-05-03,NULL,2,2023-06-26,2023-09-16,1
360,5108757867442258,gspurier9z@hud.gov,7581554693,Spurier,Gnni,49 Northwestern Street,2008-12-04,NULL,1,2022-10-10,,1
361,5048372262596311,bbennettsa0@bing.com,2657413302,Bennetts,Baron,9 Talisman Crossing,2009-09-12,NULL,3,2023-01-23,2024-05-31,1
362,5048377806045998,mmedhursta1@elegantthemes.com,6352884967,Medhurst,Morris,4335 Vera Center,2009-02-19,NULL,2,2022-12-03,,1
363,5048373694271424,jchoaka2@topsy.com,8617856467,Choak,Joscelin,1 Vahlen Point,2009-04-10,NULL,1,2023-06-30,2024-08-04,1
364,5048372870510662,lradnagea3@reference.com,5837413048,Radnage,Lana,0 Luster Circle,2008-10-05,NULL,2,2022-10-11,,1
365,5048376637658219,tlafflina4@seattletimes.com,9707342652,Lafflin,Tabitha,116 Aberg Street,2009-07-17,NULL,1,2022-12-17,,1
366,5108754726479555,rgambiea5@ameblo.jp,4194936051,Gambie,Rory,67030 Melby Plaza,2008-09-08,NULL,3,2023-02-04,,1
367,5048379196931076,imitrovica6@xrea.com,3475233959,Mitrovic,Inglis,8248 Carpenter Way,2010-11-06,NULL,3,2023-01-10,2024-03-11,1
368,5108755250091633,bdugmorea7@scientificamerican.com,6055768832,Dugmore,Bent,0 New Castle Court,2008-04-06,NULL,1,2022-12-07,2023-09-30,1
369,5048379852879510,cstrowthera8@yahoo.com,3465651656,Strowther,Candra,132 Maple Trail,2009-10-31,NULL,1,2022-12-17,,1
370,5108758895382573,dorbinea9@ycombinator.com,4545623100,Orbine,Dana,02 Londonderry Junction,2008-04-17,NULL,2,2023-06-04,2023-08-26,1
371,5048371842776856,ehaeslieraa@pinterest.com,7292585333,Haeslier,Ewen,554 Claremont Lane,2008-03-20,NULL,1,2022-09-06,2024-02-21,1
372,5048378386099843,lcoombsab@forbes.com,9039772912,Coombs,Ladonna,248 Holmberg Hill,2008-12-15,NULL,1,2023-03-30,,1
373,5048370417471521,imccuaigac@sbwire.com,4596225752,McCuaig,Ilka,40 Weeping Birch Terrace,2010-12-20,NULL,3,2023-07-07,,1
374,5108755832857683,vtrouncerad@stanford.edu,4975774862,Trouncer,Veronique,2 Warner Alley,2008-02-22,NULL,1,2022-09-06,,1
375,5048373373074750,lharmanae@techcrunch.com,4574070582,Harman,Latrina,6244 Golf View Circle,2009-11-04,NULL,3,2022-10-08,,1
376,5048377344493551,dtumberaf@icio.us,6792153867,Tumber,Delinda,33 Kropf Way,2008-10-11,NULL,2,2023-02-17,,1
377,5048377848319070,egiffinag@tripod.com,7593377646,Giffin,Ericha,7 Daystar Road,2010-10-02,NULL,3,2022-10-28,,1
378,5108753607385329,adrinnanah@spotify.com,6474972273,Drinnan,Aloin,63 Green Place,2008-11-01,NULL,1,2022-12-31,,1
379,5048378069235003,sbrissardai@umich.edu,7742282732,Brissard,Siward,98 Pearson Place,2010-10-14,NULL,3,2022-11-10,,1
380,5108754817435284,agobleaj@discovery.com,4951343692,Goble,Ambur,87064 North Crossing,2010-05-30,NULL,2,2022-09-20,,1
381,5048377443933325,fmougetak@shareasale.com,4644917289,Mouget,Florencia,49 Blaine Lane,2010-03-18,NULL,2,2022-09-12,,1
382,5108753575046929,ajacobowitzal@ibm.com,8318029077,Jacobowitz,Alastair,6 Autumn Leaf Parkway,2009-06-13,NULL,2,2023-05-17,2024-03-20,1
383,5048377571122014,ccolcombam@linkedin.com,9247138892,Colcomb,Conny,205 Butterfield Hill,2009-11-10,NULL,3,2023-04-10,,1
384,5108751927846434,dparsonsonan@booking.com,8555474762,Parsonson,Dick,0 Monica Court,2010-03-09,NULL,2,2023-02-20,,1
385,5048375390688058,lmurrumao@intel.com,3568739317,Murrum,Ladonna,4056 Jay Court,2010-12-31,NULL,2,2023-06-17,,1
386,5108756919105665,bpalkeap@feedburner.com,2256468825,Palke,Bart,779 Westridge Point,2009-01-12,NULL,2,2023-04-18,2024-05-23,1
387,5108759216251083,tmanginotaq@themeforest.net,2755767726,Manginot,Thorny,3489 Corscot Court,2010-10-07,NULL,2,2023-05-10,,1
388,5048374106385877,jtibolsar@si.edu,9664059416,Tibols,Jerrilyn,96 Gale Point,2010-12-25,NULL,3,2023-02-15,,1
389,5108758825552063,mtiptonas@ezinearticles.com,6873414595,Tipton,Montgomery,80 Ronald Regan Street,2008-02-25,NULL,2,2022-08-29,2024-04-09,1
390,5108755398859594,csivernsat@squarespace.com,7593761466,Siverns,Christian,6389 Fallview Drive,2008-12-15,NULL,1,2022-12-23,,1
391,5048378680381558,cmackenau@bravesites.com,3993594370,Macken,Cornie,2014 Troy Crossing,2008-05-26,NULL,2,2023-01-08,2024-07-21,1
392,5048373106913985,nschneidauav@csmonitor.com,2333300256,Schneidau,Nita,10554 Longview Junction,2008-07-26,NULL,1,2023-06-08,,1
393,5048377874146728,wwilsheraw@amazon.co.jp,2425053080,Wilsher,Wilbur,234 Northridge Place,2009-02-26,NULL,2,2023-01-04,,1
394,5108759169929651,dedgettax@diigo.com,3281487861,Edgett,Delmer,83913 Macpherson Parkway,2009-07-05,NULL,2,2022-08-20,,1
395,5108753786754600,cbassillay@time.com,3688607607,Bassill,Crystal,7 Judy Court,2010-06-28,NULL,2,2023-05-15,2023-09-14,1
396,5108752763733884,rhengoedaz@ovh.net,6746487994,Hengoed,Rogers,0 Daystar Point,2009-04-13,NULL,1,2022-11-14,,1
397,5108755992845353,pnivenb0@live.com,6821602371,Niven,Pete,04 Roxbury Avenue,2010-04-30,NULL,3,2023-07-07,,1
398,5108758212876190,rpaulotb1@chicagotribune.com,7734763810,Paulot,Rudolph,19426 Hooker Circle,2010-07-07,NULL,1,2022-11-25,,1
399,5048371474157631,ayellandb2@nature.com,8286145747,Yelland,Arlyn,5 Chinook Parkway,2009-05-10,NULL,2,2023-02-01,,1
400,5048379406164518,bgrzeszczakb3@mashable.com,7581304091,Grzeszczak,Boyce,6932 Pennsylvania Drive,2009-05-30,NULL,2,2023-07-05,2023-12-24,1
401,5108754981066931,tscreatonb4@squidoo.com,1513862054,Screaton,Tally,8 Fuller Way,2009-09-30,NULL,2,2023-05-22,,1
402,5048378625180271,emintob5@unc.edu,1605149775,Minto,Ester,00305 Portage Pass,2008-02-28,NULL,2,2022-12-10,,1
403,5108759584013727,bjarnellb6@msn.com,6623109736,Jarnell,Benedetto,6 Hansons Circle,2009-02-04,NULL,3,2023-01-15,,1
404,5108759322083404,bernkeb7@dot.gov,6324519837,Ernke,Borden,03385 Merrick Hill,2010-01-16,NULL,3,2023-02-18,,1
405,5108757205996445,kjeremiahb8@tiny.cc,1813543736,Jeremiah,Kacy,52699 Milwaukee Court,2010-10-26,NULL,1,2023-05-05,2023-09-15,1
406,5048375339743998,mnewhamb9@alexa.com,3439439437,Newham,Mahala,538 Hauk Terrace,2010-12-13,NULL,3,2023-04-05,,1
407,5048379558969458,heddisfordba@seesaa.net,4823612162,Eddisford,Hazel,15050 International Way,2010-03-03,NULL,1,2023-07-28,,1
408,5108753463042097,fboalerbb@salon.com,2133036577,Boaler,Farra,5 Hallows Terrace,2010-02-01,NULL,3,2023-07-01,,1
409,5108753574345231,tcatlinbc@columbia.edu,8701931986,Catlin,Taryn,15 Melby Park,2008-03-18,NULL,3,2023-03-17,2024-05-03,1
410,5108753481758005,lradnedgebd@squidoo.com,8983654752,Radnedge,Lorenzo,07 Calypso Parkway,2009-05-27,NULL,3,2023-07-30,,1
411,5108750732441027,aklimentbe@example.com,5924045434,Kliment,Adrian,15 Kenwood Circle,2010-11-19,NULL,3,2022-09-24,,1
412,5108750141230276,pbalassibf@printfriendly.com,4736439763,Balassi,Pauline,6979 Sage Court,2008-06-03,NULL,2,2023-02-19,,1
413,5048379395743744,astairmandbg@multiply.com,5446441895,Stairmand,Adore,200 Menomonie Street,2008-01-07,NULL,2,2023-04-02,,1
414,5108758463425739,ubonnarbh@mediafire.com,1367014546,Bonnar,Urbain,4416 Welch Park,2009-12-01,NULL,3,2022-12-30,2024-03-12,1
415,5048371971125529,ohambersbi@jimdo.com,6616143329,Hambers,Oswald,0 Clemons Crossing,2010-12-22,NULL,2,2022-11-28,,1
416,5108755852254787,jdoebj@g.co,3018753858,Doe,Jody,4178 Shoshone Terrace,2008-08-20,NULL,3,2023-01-04,,1
417,5048375506269090,dmilleabk@facebook.com,4785211493,Millea,Denys,0 Grayhawk Parkway,2008-10-25,NULL,3,2023-03-04,,1
418,5048375651338922,smacvanamybl@timesonline.co.uk,5667809489,MacVanamy,Shelby,2521 Mitchell Trail,2008-04-14,NULL,3,2022-08-31,2023-09-23,1
419,5048374508489814,cgrigollibm@4shared.com,1941899293,Grigolli,Chrystel,4177 Sutteridge Road,2010-06-01,NULL,2,2022-12-13,,1
420,5048373140818893,gsimnellbn@google.fr,3926833323,Simnell,Genny,925 Lakewood Point,2009-04-27,NULL,1,2022-11-12,,1
421,5048376183704300,jfairbournebo@nsw.gov.au,9162465633,Fairbourne,Joletta,37 Dwight Park,2009-04-18,NULL,1,2023-05-25,,1
422,5048373980162311,dmaccallesterbp@washington.edu,4566722017,MacCallester,Dina,6552 Holy Cross Street,2010-06-30,NULL,3,2022-11-18,,1
423,5108758672752261,lrobbbq@theglobeandmail.com,4894542805,Robb,Lira,76 Northland Place,2010-12-10,NULL,2,2023-05-12,,1
424,5048379075818188,hhudspethbr@homestead.com,3366365813,Hudspeth,Hyacinthe,100 Grasskamp Lane,2008-09-03,NULL,1,2023-02-04,,1
425,5048370622056794,wmatousekbs@telegraph.co.uk,9495863374,Matousek,Waldemar,1 Upham Place,2010-08-14,NULL,2,2023-08-08,2023-10-10,1
426,5108753880890755,sotsonbt@ft.com,3097638517,Otson,Sascha,74101 Bellgrove Court,2009-04-18,NULL,2,2023-06-19,,1
427,5108753154954253,iethertonbu@printfriendly.com,8289132836,Etherton,Idalia,8 Forest Lane,2009-10-08,NULL,2,2023-01-10,,1
428,5048375430602275,mnewtownbv@acquirethisname.com,6909468352,Newtown,Moina,9 Doe Crossing Way,2008-01-21,NULL,1,2023-08-05,,1
429,5048375852713204,hcornelleaubw@fc2.com,1688117051,Cornelleau,Hastie,660 Lindbergh Parkway,2009-05-10,NULL,3,2023-06-20,,1
430,5108754856629490,kmetterickbx@angelfire.com,3278327552,Metterick,Keriann,1023 Gateway Place,2010-03-15,NULL,1,2022-10-31,2024-05-17,1
431,5108753101768681,kbrissonby@java.com,4021703425,Brisson,Kelby,05793 Colorado Terrace,2009-03-18,NULL,3,2023-06-02,,1
432,5108751655471041,hcockrenbz@yellowbook.com,7651337420,Cockren,Heath,69623 Huxley Trail,2009-10-31,NULL,1,2023-06-05,2023-12-09,1
433,5108757694392320,melbournec0@oracle.com,2604865418,Elbourne,Mariellen,8 Fair Oaks Road,2008-10-17,NULL,2,2023-03-09,,1
434,5048370644249112,zaleswellc1@cyberchimps.com,3547588618,Aleswell,Zelma,2 Farragut Place,2009-04-11,NULL,3,2022-08-23,,1
435,5048377497650890,fwentworthc2@mashable.com,9743280872,Wentworth,Frannie,5 Brickson Park Crossing,2010-08-25,NULL,2,2023-06-10,,1
436,5108752243106271,boolahanc3@eventbrite.com,7796337539,Oolahan,Beverlee,29618 Towne Circle,2008-11-01,NULL,2,2022-12-30,,1
437,5108756854200638,eadkinc4@huffingtonpost.com,7806881202,Adkin,Edie,5066 Hooker Circle,2009-05-17,NULL,1,2023-03-15,,1
438,5108755792132051,pcahalanc5@ustream.tv,8465574032,Cahalan,Prue,178 Acker Terrace,2009-01-17,NULL,3,2022-12-08,,1
439,5048373348618426,agorghettoc6@squarespace.com,1811528565,Gorghetto,Anni,600 New Castle Hill,2009-02-21,NULL,1,2022-09-21,,1
440,5108756938461073,lschimaschkec7@boston.com,1151907247,Schimaschke,Lianne,7049 Brickson Park Place,2009-05-05,NULL,2,2022-10-30,2024-04-25,1
441,5108756569723536,bgethinc8@wisc.edu,7492365731,Gethin,Brook,42 Mendota Street,2010-05-09,NULL,1,2023-08-01,2024-06-13,1
442,5048377620952023,pbaumannc9@github.com,1185477936,Baumann,Padriac,84 Duke Plaza,2010-02-27,NULL,1,2023-08-06,,1
443,5048371745448652,fscollickca@biglobe.ne.jp,6744006939,Scollick,Fiann,6050 Parkside Road,2008-07-20,NULL,2,2023-04-05,,1
444,5048375921462338,rlawdhamcb@newyorker.com,9195319062,Lawdham,Roana,1295 Aberg Road,2010-01-08,NULL,1,2023-06-28,2023-12-18,1
445,5048372047617572,rscullardcc@arizona.edu,7277276419,Scullard,Rennie,034 Graceland Center,2009-01-31,NULL,2,2022-11-12,,1
446,5048378159363590,mkiddercd@cisco.com,1117825304,Kidder,Moishe,9249 Northview Point,2009-07-07,NULL,2,2023-04-01,,1
447,5048371517519672,jpallatinace@godaddy.com,9764091395,Pallatina,Jobyna,956 Ridgeway Plaza,2010-08-29,NULL,2,2023-04-01,,1
448,5108756168613922,rringecf@imdb.com,6737250237,Ringe,Russ,2 Randy Center,2008-12-28,NULL,1,2023-01-20,,1
449,5108753831020122,kdefreitascg@adobe.com,7532121535,De Freitas,Kevan,5 Welch Avenue,2008-06-08,NULL,3,2022-10-01,,1
450,5048379741757315,gbennech@telegraph.co.uk,7338810888,Benne,Gunther,3570 Nova Hill,2010-05-22,NULL,2,2023-02-14,2023-09-15,1
451,5108752270091768,lemnoneyci@irs.gov,5447684863,Emnoney,Laurice,46230 Old Shore Center,2010-01-09,NULL,2,2023-07-17,,1
452,5048374013029063,aboshiercj@delicious.com,6935239786,Boshier,Agustin,74 Rutledge Road,2010-09-09,NULL,2,2022-08-18,,1
453,5048375997936645,ghaselwoodck@1und1.de,6125460063,Haselwood,Giselle,73 Boyd Terrace,2010-02-25,NULL,1,2023-04-25,,1
454,5048377515078850,aradbondcl@liveinternet.ru,8094705000,Radbond,Avis,7 Grim Park,2009-09-08,NULL,3,2023-02-10,,1
455,5048375210005343,vspilsburiecm@nature.com,2224200068,Spilsburie,Von,34181 Graedel Junction,2010-11-27,NULL,3,2022-12-25,,1
456,5048372978903082,pferrerescn@ycombinator.com,2891803100,Ferreres,Philis,76 Brown Circle,2010-03-10,NULL,1,2023-06-04,,1
457,5108751104539190,lbagniukco@alexa.com,5107481596,Bagniuk,Lesya,7345 Nobel Crossing,2010-02-09,NULL,3,2023-04-08,,1
458,5108758342241422,lheggscp@bloomberg.com,5995217377,Heggs,Lynelle,32 Mesta Point,2010-08-11,NULL,3,2022-10-05,,1
459,5108753178538850,jallowaycq@youku.com,1242956105,Alloway,Jehanna,6484 Holy Cross Park,2009-05-02,NULL,3,2023-07-05,,1
460,5048379574306412,tbendincr@icio.us,9719987087,Bendin,Tawsha,0747 Dapin Parkway,2008-01-06,NULL,1,2023-07-25,,1
461,5108759476187217,mgowngecs@bravesites.com,7738744409,Gownge,Maximilian,4 Jenifer Court,2010-03-01,NULL,3,2023-07-30,,1
462,5108758001684375,afreeburyct@globo.com,5324194116,Freebury,Allison,2604 Arkansas Court,2010-11-20,NULL,1,2023-01-18,,1
463,5048371337917585,fbeekencu@wikipedia.org,9755078745,Beeken,Francesca,7374 Hovde Hill,2008-08-26,NULL,1,2023-07-30,,1
464,5108757991240933,watleycv@google.com.hk,4138226884,Atley,Waldemar,74728 Vera Street,2008-07-03,NULL,1,2023-01-16,2023-09-01,1
465,5108759018562232,agarritcw@ameblo.jp,9032803201,Garrit,Annalee,071 Summerview Trail,2009-04-21,NULL,3,2023-07-05,,1
466,5108758192051020,jsnowsillcx@vistaprint.com,7848244915,Snowsill,Janette,61047 Lakewood Road,2010-12-23,NULL,3,2023-02-23,2023-08-20,1
467,5048372688398425,mdroncy@wisc.edu,5364971926,Dron,Miof mela,3562 Clemons Pass,2008-10-06,NULL,3,2023-05-24,2023-11-09,1
468,5108759905689890,mrevenscz@themeforest.net,1313018650,Revens,Mikael,552 Badeau Pass,2009-03-17,NULL,2,2023-01-07,,1
469,5108756616888506,wcrewd0@guardian.co.uk,9592699314,Crew,Winn,6 Union Court,2010-08-12,NULL,1,2022-10-14,,1
470,5108758830459015,ascudd1@hao123.com,2473929682,Scud,Adelice,2 Bartillon Terrace,2009-07-16,NULL,1,2023-01-06,2024-04-11,1
471,5048376515497979,tkedwelld2@exblog.jp,6051965996,Kedwell,Tarrah,384 Victoria Drive,2009-03-24,NULL,1,2023-03-28,,1
472,5048379614566215,mfriedenbachd3@intel.com,7931994329,Friedenbach,Mella,98946 Katie Park,2009-01-27,NULL,2,2023-06-08,,1
473,5108759708922407,ghassalld4@simplemachines.org,1388270633,Hassall,Guglielmo,67958 Clyde Gallagher Lane,2009-03-15,NULL,2,2023-02-04,,1
474,5048371665517783,mgiacopazzid5@sun.com,5197484322,Giacopazzi,Marijo,4036 Sherman Parkway,2009-09-21,NULL,2,2023-03-14,,1
475,5048375236156195,cmarusikd6@wikimedia.org,2407460338,Marusik,Catlee,527 Westport Hill,2009-01-03,NULL,1,2023-04-27,2024-03-24,1
476,5048375085710647,echillcotd7@alibaba.com,1371145137,Chillcot,Ellene,04398 Tony Circle,2009-03-04,NULL,3,2023-06-03,2023-09-20,1
477,5048372323507588,visardd8@sitemeter.com,2107751297,Isard,Vonni,1411 Mcbride Hill,2009-04-13,NULL,1,2023-03-04,,1
478,5108753013221068,bschukertd9@discuz.net,2923399852,Schukert,Bernie,733 Riverside Court,2010-10-27,NULL,1,2022-09-15,2024-07-18,1
479,5048378534736080,mgaytonda@rediff.com,7113831603,Gayton,Marcellina,2 Artisan Street,2008-10-08,NULL,1,2023-06-20,,1
480,5048373672209271,rdaindb@tumblr.com,5053992623,Dain,Rhodie,262 Kensington Crossing,2008-07-02,NULL,1,2022-11-07,,1